,year,rank,name,sector,industry,revenues,revchange,profits,prftchange,assets,employees,hqcity,hqstate,newcomer,profitable,ceowoman,jobgrowth,permalink
0,2019,1,Walmart,Retailing,General Merchandisers,514405.0,2.8,6670.0,-32.4,219295.0,2200000,Bentonville,Arkansas,no,yes,no,no,https://fortune.com/global500/2019/walmart/
1,2019,8,Exxon Mobil,Energy,Petroleum Refining,290212.0,18.8,20840.0,5.7,346196.0,71000,Irving,Texas,no,yes,no,no,https://fortune.com/global500/2019/exxon-mobil/
2,2019,11,Apple,Technology,"Computers, Office Equipment",265595.0,15.9,59531.0,23.1,365725.0,132000,Cupertino,California,no,yes,no,yes,https://fortune.com/global500/2019/apple/
3,2019,12,Berkshire Hathaway,Financials,Insurance: Property and Casualty (Stock),247837.0,2.4,4021.0,-91.1,707794.0,389000,Omaha,Nebraska,no,yes,no,yes,https://fortune.com/global500/2019/berkshire-hathaway/
4,2019,13,Amazon.com,Retailing,Internet Services and Retailing,232887.0,30.9,10073.0,232.1,162648.0,647500,Seattle,Washington,no,yes,no,yes,https://fortune.com/global500/2019/amazon-com/
5,2019,14,UnitedHealth Group,Health Care,Health Care: Insurance and Managed Care,226247.0,12.5,11986.0,13.5,152221.0,300000,Minnetonka,Minnesota,no,yes,no,yes,https://fortune.com/global500/2019/unitedhealth-group/
6,2019,17,McKesson,Health Care,Wholesalers: Health Care,214319.0,2.9,34.0,-49.3,59672.0,70000,Irving,Texas,no,yes,no,yes,https://fortune.com/global500/2019/mckesson/
7,2019,19,CVS Health,Health Care,Health Care: Pharmacy and Other Services,194579.0,5.3,-594.0,-109.0,196456.0,295000,Woonsocket,Rhode Island,no,no,no,yes,https://fortune.com/global500/2019/cvs-health/
8,2019,25,AT&#038;T,Telecommunications,Telecommunications,170756.0,6.4,19370.0,-34.2,531864.0,268220,Dallas,Texas,no,yes,no,yes,https://fortune.com/global500/2019/att/
9,2019,27,AmerisourceBergen,Health Care,Wholesalers: Health Care,167939.6,9.7,1658.4,355.0,37669.8,20500,Chesterbrook,Pennsylvania,no,yes,no,yes,https://fortune.com/global500/2019/amerisourcebergen/
10,2019,28,Chevron,Energy,Petroleum Refining,166339.0,23.6,14824.0,61.2,253863.0,48600,San Ramon,California,no,yes,no,no,https://fortune.com/global500/2019/chevron/
11,2019,30,Ford Motor,Motor Vehicles & Parts,Motor Vehicles and Parts,160338.0,2.3,3677.0,-51.6,256540.0,199000,Dearborn,Michigan,no,yes,no,no,https://fortune.com/global500/2019/ford-motor/
12,2019,32,General Motors,Motor Vehicles & Parts,Motor Vehicles and Parts,147049.0,-6.5,8014.0,0.0,227339.0,173000,Detroit,Michigan,no,yes,yes,no,https://fortune.com/global500/2019/general-motors/
13,2019,35,Costco Wholesale,Retailing,General Merchandisers,141576.0,9.7,3134.0,17.0,40830.0,194000,Issaquah,Washington,no,yes,no,yes,https://fortune.com/global500/2019/costco/
14,2019,37,Alphabet,Technology,Internet Services and Retailing,136819.0,23.4,30736.0,142.7,232792.0,98771,Mountain View,California,no,yes,no,yes,https://fortune.com/global500/2019/alphabet/
15,2019,38,Cardinal Health,Health Care,Wholesalers: Health Care,136809.0,5.3,256.0,-80.1,39951.0,50200,Dublin,Ohio,no,yes,no,yes,https://fortune.com/global500/2019/cardinal-health/
16,2019,40,Walgreens Boots Alliance,Food & Drug Stores,Food and Drug Stores,131537.0,11.3,5024.0,23.2,68124.0,299000,Deerfield,Illinois,no,yes,no,yes,https://fortune.com/global500/2019/walgreens-boots-alliance/
17,2019,41,JPMorgan Chase &#038; Co.,Financials,Banks: Commercial and Savings,131412.0,15.4,32474.0,32.9,2622532.0,256105,New York,New York,no,yes,no,yes,https://fortune.com/global500/2019/j-p-morgan-chase/
18,2019,43,Verizon Communications,Telecommunications,Telecommunications,130863.0,3.8,15528.0,-48.4,264829.0,144500,New York,New York,no,yes,no,no,https://fortune.com/global500/2019/verizon/
19,2019,47,Kroger,Food & Drug Stores,Food and Drug Stores,121162.0,-1.2,3110.0,63.1,38118.0,453000,Cincinnati,Ohio,no,yes,no,yes,https://fortune.com/global500/2019/kroger/
20,2019,48,General Electric,Industrials,Industrial Machinery,120268.0,-1.6,-22355.0,0.0,309129.0,283000,Boston,Massachusetts,no,no,no,no,https://fortune.com/global500/2019/general-electric/
21,2019,49,Fannie Mae,Financials,Diversified Financials,120101.0,6.9,15959.0,547.9,3418318.0,7400,Washington,District Of Columbia,no,yes,no,yes,https://fortune.com/global500/2019/fannie-mae/
22,2019,54,Phillips 66,Energy,Petroleum Refining,114217.0,24.7,5595.0,9.6,54302.0,14200,Houston,Texas,no,yes,no,no,https://fortune.com/global500/2019/phillips-66/
23,2019,57,Valero Energy,Energy,Petroleum Refining,111407.0,26.0,3122.0,-23.2,50155.0,10261,San Antonio,Texas,no,yes,no,yes,https://fortune.com/global500/2019/valero-energy/
24,2019,58,Bank of America Corp.,Financials,Banks: Commercial and Savings,110584.0,10.3,28147.0,54.4,2354507.0,204489,Charlotte,North Carolina,no,yes,no,no,https://fortune.com/global500/2019/bank-of-america-corp/
25,2019,60,Microsoft,Technology,Computer Software,110360.0,22.7,16571.0,-21.8,258848.0,131000,Redmond,Washington,no,yes,no,yes,https://fortune.com/global500/2019/microsoft/
26,2019,62,Home Depot,Retailing,Specialty Retailers,108203.0,7.2,11121.0,28.9,44003.0,413000,Atlanta,Georgia,no,yes,no,no,https://fortune.com/global500/2019/home-depot/
27,2019,68,Boeing,Aerospace & Defense,Aerospace and Defense,101127.0,8.3,10460.0,27.6,117359.0,153000,Chicago,Illinois,no,yes,no,yes,https://fortune.com/global500/2019/boeing/
28,2019,69,Wells Fargo,Financials,Banks: Commercial and Savings,101060.0,3.4,22393.0,0.9,1895883.0,258700,San Francisco,California,no,yes,no,no,https://fortune.com/global500/2019/wells-fargo/
29,2019,71,Citigroup,Financials,Banks: Commercial and Savings,97120.0,10.4,18045.0,0.0,1917383.0,204000,New York,New York,no,yes,no,no,https://fortune.com/global500/2019/citigroup/
30,2019,72,Marathon Petroleum,Energy,Petroleum Refining,97102.0,43.6,2780.0,-19.0,92940.0,60350,Findlay,Ohio,no,yes,no,yes,https://fortune.com/global500/2019/marathon-petroleum/
31,2019,75,Comcast,Telecommunications,Telecommunications,94507.0,11.8,11731.0,-48.4,251684.0,184000,Philadelphia,Pennsylvania,no,yes,no,yes,https://fortune.com/global500/2019/comcast/
32,2019,79,Anthem,Health Care,Health Care: Insurance and Managed Care,92105.0,2.3,3750.0,-2.4,71571.0,63900,Indianapolis,Indiana,no,yes,yes,yes,https://fortune.com/global500/2019/anthem/
33,2019,84,Dell Technologies,Technology,"Computers, Office Equipment",90621.0,15.2,-2310.0,0.0,111820.0,157000,Round Rock,Texas,no,no,no,yes,https://fortune.com/global500/2019/dell-technologies/
34,2019,100,DuPont,Chemicals,Chemicals,85977.0,37.2,3844.0,163.3,188030.0,98000,Wilmington,Delaware,no,yes,no,no,https://fortune.com/global500/2019/dow-chemical/
35,2019,108,State Farm Insurance Cos.,Financials,Insurance: Property and Casualty (Mutual),81732.2,4.3,8788.4,298.3,272518.4,56788,Bloomington,Illinois,no,yes,no,no,https://fortune.com/global500/2019/state-farm-insurance-cos/
36,2019,109,Johnson &#038; Johnson,Health Care,Pharmaceuticals,81581.0,6.7,15297.0,1076.7,152954.0,135100,New Brunswick,New Jersey,no,yes,no,yes,https://fortune.com/global500/2019/johnson-johnson/
37,2019,114,International Business Machines,Technology,Information Technology Services,79591.0,0.6,8728.0,51.7,123382.0,381100,Armonk,New York,no,yes,yes,no,https://fortune.com/global500/2019/ibm/
38,2019,122,Target,Retailing,General Merchandisers,75356.0,4.8,2937.0,0.1,41290.0,360000,Minneapolis,Minnesota,no,yes,no,yes,https://fortune.com/global500/2019/target/
39,2019,128,Freddie Mac,Financials,Diversified Financials,73598.0,-1.4,9235.0,64.2,2063060.0,6621,McLean,Virginia,no,yes,no,yes,https://fortune.com/global500/2019/freddie-mac/
40,2019,132,United Parcel Service,Transportation,"Mail, Package, and Freight Delivery",71861.0,9.1,4791.0,-2.4,50016.0,364575,Atlanta,Georgia,no,yes,no,yes,https://fortune.com/global500/2019/ups/
41,2019,133,Lowe&#8217;s,Retailing,Specialty Retailers,71309.0,3.9,2314.0,-32.9,34508.0,245000,Mooresville,North Carolina,no,yes,no,no,https://fortune.com/global500/2019/lowes/
42,2019,135,Intel,Technology,Semiconductors and Other Electronic Components,70848.0,12.9,21053.0,119.3,127963.0,107400,Santa Clara,California,no,yes,no,yes,https://fortune.com/global500/2019/intel/
43,2019,136,U.S. Postal Service,Transportation,"Mail, Package, and Freight Delivery",70660.0,1.5,-3913.0,0.0,26688.0,565802,Washington,District Of Columbia,no,no,yes,no,https://fortune.com/global500/2019/u-s-postal-service/
44,2019,142,MetLife,Financials,"Insurance: Life, Health (stock)",67941.0,2.7,5123.0,27.8,687538.0,48000,New York,New York,no,yes,no,no,https://fortune.com/global500/2019/metlife/
45,2019,146,Procter &#038; Gamble,Household Products,Household and Personal Products,66832.0,0.9,9750.0,-36.4,118310.0,92000,Cincinnati,Ohio,no,yes,no,no,https://fortune.com/global500/2019/procter-gamble/
46,2019,148,United Technologies,Aerospace & Defense,Aerospace and Defense,66501.0,11.1,5269.0,15.8,134211.0,240200,Farmington,Connecticut,no,yes,no,yes,https://fortune.com/global500/2019/united-technologies/
47,2019,152,FedEx,Transportation,"Mail, Package, and Freight Delivery",65450.0,8.5,4572.0,52.6,52330.0,359530,Memphis,Tennessee,no,yes,no,no,https://fortune.com/global500/2019/fedex/
48,2019,154,PepsiCo,"Food, Beverages & Tobacco",Food Consumer Products,64661.0,1.8,12515.0,157.7,77648.0,267000,Purchase,New York,no,yes,no,yes,https://fortune.com/global500/2019/pepsico/
49,2019,155,Archer Daniels Midland,"Food, Beverages & Tobacco",Food Production,64341.0,5.8,1810.0,13.5,40833.0,31600,Chicago,Illinois,no,yes,no,yes,https://fortune.com/global500/2019/archer-daniels-midland/
50,2019,156,Prudential Financial,Financials,"Insurance: Life, Health (stock)",62992.0,5.5,4074.0,-48.2,815078.0,50492,Newark,New Jersey,no,yes,no,yes,https://fortune.com/global500/2019/prudential-financial/
51,2019,165,Albertsons Cos.,Food & Drug Stores,Food and Drug Stores,60534.5,1.0,131.1,183.2,20776.6,267000,Boise,Idaho,no,yes,no,no,https://fortune.com/global500/2019/albertsons-cos/
52,2019,168,Centene,Health Care,Health Care: Insurance and Managed Care,60116.0,23.8,900.0,8.7,30901.0,47300,St. Louis,Missouri,no,yes,no,yes,https://fortune.com/global500/2019/centene/
53,2019,170,Walt Disney,Media,Entertainment,59434.0,7.8,12598.0,40.3,98598.0,201000,Burbank,California,no,yes,no,yes,https://fortune.com/global500/2019/disney/
54,2019,172,Sysco,Wholesalers,Wholesalers: Food and Grocery,58727.3,6.1,1430.8,25.2,18070.4,67000,Houston,Texas,no,yes,no,yes,https://fortune.com/global500/2019/sysco/
55,2019,173,HP,Technology,"Computers, Office Equipment",58472.0,12.3,5327.0,110.9,34622.0,55000,Palo Alto,California,no,yes,no,yes,https://fortune.com/global500/2019/hp/
56,2019,179,Humana,Health Care,Health Care: Insurance and Managed Care,56912.0,5.8,1683.0,-31.3,25413.0,41600,Louisville,Kentucky,no,yes,no,no,https://fortune.com/global500/2019/humana/
57,2019,184,Facebook,Technology,Internet Services and Retailing,55838.0,37.4,22112.0,38.8,97334.0,35587,Menlo Park,California,no,yes,no,yes,https://fortune.com/global500/2019/facebook/
58,2019,190,Caterpillar,Industrials,Construction and Farm Machinery,54722.0,20.4,6147.0,715.3,78509.0,104000,Deerfield,Illinois,no,yes,no,yes,https://fortune.com/global500/2019/caterpillar/
59,2019,194,Energy Transfer,Energy,Pipelines,54436.0,14.6,1694.0,77.6,88246.0,11768,Dallas,Texas,no,yes,no,no,https://fortune.com/global500/2019/energy-transfer-equity/
60,2019,197,Lockheed Martin,Aerospace & Defense,Aerospace and Defense,53762.0,5.3,5046.0,152.0,44876.0,105000,Bethesda,Maryland,no,yes,yes,yes,https://fortune.com/global500/2019/lockheed-martin/
61,2019,198,Pfizer,Health Care,Pharmaceuticals,53647.0,2.1,11153.0,-47.7,159422.0,92400,New York,New York,no,yes,no,yes,https://fortune.com/global500/2019/pfizer/
62,2019,204,Goldman Sachs Group,Financials,Banks: Commercial and Savings,52528.0,24.3,10459.0,144.0,931796.0,36600,New York,New York,no,yes,no,no,https://fortune.com/global500/2019/goldman-sachs-group/
63,2019,218,Morgan Stanley,Financials,Banks: Commercial and Savings,50193.0,15.0,8748.0,43.2,853531.0,60348,New York,New York,no,yes,no,yes,https://fortune.com/global500/2019/morgan-stanley/
64,2019,225,Cisco Systems,Technology,Network and Other Communications Equipment,49330.0,2.8,110.0,-98.9,108784.0,74200,San Jose,California,no,yes,no,yes,https://fortune.com/global500/2019/cisco-systems/
65,2019,229,Cigna,Health Care,Health Care: Insurance and Managed Care,48650.0,16.9,2637.0,17.9,153226.0,73800,Bloomfield,Connecticut,no,yes,no,yes,https://fortune.com/global500/2019/cigna/
66,2019,235,American International Group,Financials,Insurance: Property and Casualty (Stock),47389.0,-4.3,-6.0,0.0,491984.0,49600,New York,New York,no,no,no,no,https://fortune.com/global500/2019/aig/
67,2019,241,HCA Healthcare,Health Care,Health Care: Medical Facilities,46677.0,-2.0,3787.0,70.9,39207.0,229000,Nashville,Tennessee,no,yes,no,yes,https://fortune.com/global500/2019/hca-holdings/
68,2019,247,Bunge,"Food, Beverages & Tobacco",Food Production,45743.0,-0.1,267.0,66.9,19425.0,31000,White Plains,New York,no,yes,no,no,https://fortune.com/global500/2019/bunge/
69,2019,257,American Airlines Group,Transportation,Airlines,44541.0,5.5,1412.0,-26.4,60580.0,128900,Fort Worth,Texas,no,yes,no,yes,https://fortune.com/global500/2019/american-airlines-group/
70,2019,260,Delta Air Lines,Transportation,Airlines,44438.0,7.7,3935.0,10.0,60266.0,88680,Atlanta,Georgia,no,yes,no,yes,https://fortune.com/global500/2019/delta-air-lines/
71,2019,264,Charter Communications,Telecommunications,Telecommunications,43634.0,4.9,1230.0,-87.6,146130.0,98000,Stamford,Connecticut,no,yes,no,yes,https://fortune.com/global500/2019/charter-communications/
72,2019,268,New York Life Insurance,Financials,"Insurance: Life, Health (Mutual)",43425.3,2.7,880.0,-52.9,311449.3,11388,New York,New York,no,yes,no,yes,https://fortune.com/global500/2019/new-york-life-insurance/
73,2019,270,American Express,Financials,Diversified Financials,43281.0,21.6,6921.0,153.0,188602.0,59000,New York,New York,no,yes,no,yes,https://fortune.com/global500/2019/american-express/
74,2019,271,Nationwide,Financials,Insurance: Property and Casualty (Mutual),43270.0,-1.5,512.6,107.9,214141.9,30472,Columbus,Ohio,no,yes,no,no,https://fortune.com/global500/2019/nationwide/
75,2019,276,Best Buy,Retailing,Specialty Retailers,42879.0,1.7,1464.0,46.4,12901.0,125000,Richfield,Minnesota,no,yes,yes,no,https://fortune.com/global500/2019/best-buy/
76,2019,278,Liberty Mutual Insurance Group,Financials,Insurance: Property and Casualty (Stock),42685.0,0.0,2160.0,12605.9,125989.0,50000,Boston,Massachusetts,no,yes,no,no,https://fortune.com/global500/2019/liberty-mutual-insurance-group/
77,2019,285,Merck,Health Care,Pharmaceuticals,42294.0,5.4,6220.0,159.8,82637.0,69000,Kenilworth,New Jersey,no,yes,no,no,https://fortune.com/global500/2019/merck/
78,2019,290,Honeywell International,Industrials,"Electronics, Electrical Equip.",41802.0,3.1,6765.0,308.8,57773.0,114000,Morris Plains,New Jersey,no,yes,no,no,https://fortune.com/global500/2019/honeywell-international/
79,2019,293,United Airlines Holdings,Transportation,Airlines,41303.0,9.5,2129.0,-0.1,44792.0,92000,Chicago,Illinois,no,yes,no,yes,https://fortune.com/global500/2019/united-continental-holdings/
80,2019,297,TIAA,Financials,"Insurance: Life, Health (Mutual)",41052.1,14.0,1560.5,48.7,568190.2,17643,New York,New York,no,yes,no,yes,https://fortune.com/global500/2019/tiaa/
81,2019,306,Tyson Foods,"Food, Beverages & Tobacco",Food Production,40052.0,4.7,3024.0,70.5,29109.0,121000,Springdale,Arkansas,no,yes,no,no,https://fortune.com/global500/2019/tyson-foods/
82,2019,307,Oracle,Technology,Computer Software,39831.0,5.6,3825.0,-59.0,137264.0,137000,Redwood City,California,no,yes,yes,no,https://fortune.com/global500/2019/oracle/
83,2019,308,Allstate,Financials,Insurance: Property and Casualty (Stock),39815.0,3.4,2252.0,-29.4,112249.0,45420,Northbrook,Illinois,no,yes,no,yes,https://fortune.com/global500/2019/allstate/
84,2019,309,World Fuel Services,Energy,Energy,39750.3,18.0,127.7,0.0,5676.9,5000,Miami,Florida,no,yes,no,no,https://fortune.com/global500/2019/world-fuel-services/
85,2019,314,Massachusetts Mutual Life Insurance,Financials,"Insurance: Life, Health (Mutual)",39267.2,17.2,397.9,-22.4,265812.6,9844,Springfield,Massachusetts,no,yes,no,no,https://fortune.com/global500/2019/massachusetts-mutual-life-insurance/
86,2019,317,TJX,Retailing,Specialty Retailers,38972.9,8.7,3059.8,17.3,14326.0,270000,Framingham,Massachusetts,no,yes,no,yes,https://fortune.com/global500/2019/tjx/
87,2019,319,ConocoPhillips,Energy,"Mining, Crude-Oil Production",38727.0,18.9,6257.0,0.0,69980.0,10800,Houston,Texas,no,yes,no,no,https://fortune.com/global500/2019/conocophillips/
88,2019,329,Deere,Industrials,Construction and Farm Machinery,37357.7,25.6,2368.4,9.7,70108.0,74413,Moline,Illinois,no,yes,no,yes,https://fortune.com/global500/2019/deere/
89,2019,330,Tech Data,Wholesalers,Wholesalers: Electronics and Office Equipment,37239.0,1.3,340.6,192.0,12986.6,14000,Clearwater,Florida,no,yes,no,no,https://fortune.com/global500/2019/tech-data/
90,2019,337,Enterprise Products Partners,Energy,Pipelines,36534.2,24.9,4172.4,49.1,56969.8,7000,Houston,Texas,no,yes,no,no,https://fortune.com/global500/2019/enterprise-products-partners/
91,2019,341,Nike,Apparel,Apparel,36397.0,6.0,1933.0,-54.4,22536.0,73100,Beaverton,Oregon,no,yes,no,no,https://fortune.com/global500/2019/nike/
92,2019,342,Publix Super Markets,Food & Drug Stores,Food and Drug Stores,36395.7,4.5,2381.2,3.9,18982.5,202000,Lakeland,Florida,no,yes,no,yes,https://fortune.com/global500/2019/publix-super-markets/
93,2019,343,General Dynamics,Aerospace & Defense,Aerospace and Defense,36193.0,16.9,3345.0,14.9,45408.0,105600,Falls Church,Virginia,no,yes,yes,yes,https://fortune.com/global500/2019/general-dynamics/
94,2019,344,Exelon,Energy,Utilities,35985.0,7.3,2010.0,-46.7,119666.0,33383,Chicago,Illinois,no,yes,no,no,https://fortune.com/global500/2019/exelon/
95,2019,366,Plains GP Holdings,Energy,Pipelines,34055.0,29.9,334.0,0.0,26830.0,4900,Houston,Texas,no,yes,no,yes,https://fortune.com/global500/2019/plains-gp-holdings/
96,2019,379,Schlumberger,Energy,"Oil and Gas Equipment, Services",32815.0,7.8,2138.0,0.0,70507.0,100000,Houston,Texas,no,yes,no,no,https://fortune.com/global500/2019/schlumberger/
97,2019,380,3M,Industrials,Miscellaneous,32765.0,3.5,5349.0,10.1,36500.0,93516,St. Paul,Minnesota,no,yes,no,yes,https://fortune.com/global500/2019/3m/
98,2019,381,AbbVie,Health Care,Pharmaceuticals,32753.0,16.1,5687.0,7.1,59352.0,30000,North Chicago,Illinois,no,yes,no,yes,https://fortune.com/global500/2019/abbvie/
99,2019,383,CHS,"Food, Beverages & Tobacco",Food Production,32683.3,2.0,775.9,983.8,16381.2,10495,Inver Grove Heights,Minnesota,no,yes,no,no,https://fortune.com/global500/2019/chs/
100,2019,387,Capital One Financial,Financials,Banks: Commercial and Savings,32377.0,7.9,6015.0,203.5,372538.0,47600,McLean,Virginia,no,yes,no,no,https://fortune.com/global500/2019/capital-one-financial/
101,2019,391,Progressive,Financials,Insurance: Property and Casualty (Stock),31979.0,19.2,2615.3,64.3,46575.0,37346,Mayfield Village,Ohio,no,yes,yes,yes,https://fortune.com/global500/2019/progressive/
102,2019,395,Coca-Cola,"Food, Beverages & Tobacco",Beverages,31856.0,-10.0,6434.0,415.5,83216.0,62600,Atlanta,Georgia,no,yes,no,yes,https://fortune.com/global500/2019/coca-cola/
103,2019,400,USAA,Financials,Insurance: Property and Casualty (Stock),31367.8,4.5,2291.9,-5.4,158506.8,33689,San Antonio,Texas,no,yes,no,yes,https://fortune.com/global500/2019/usaa/
104,2019,404,Hewlett Packard Enterprise,Technology,"Computers, Office Equipment",30852.0,6.9,1908.0,454.7,55493.0,60000,Palo Alto,California,no,yes,no,no,https://fortune.com/global500/2019/hewlett-packard-enterprise/
105,2019,408,Abbott Laboratories,Health Care,Medical Products and Equipment,30578.0,11.6,2368.0,396.4,67173.0,103000,Abbott Park,Illinois,no,yes,no,yes,https://fortune.com/global500/2019/abbott-laboratories/
106,2019,409,Micron Technology,Technology,Semiconductors and Other Electronic Components,30391.0,49.5,14135.0,177.8,43376.0,36000,Boise,Idaho,yes,yes,no,yes,https://fortune.com/global500/2019/micron-technology/
107,2019,413,Travelers Cos.,Financials,Insurance: Property and Casualty (Stock),30282.0,4.8,2523.0,22.7,104233.0,30400,New York,New York,no,yes,no,no,https://fortune.com/global500/2019/travelers-cos/
108,2019,416,Northrop Grumman,Aerospace & Defense,Aerospace and Defense,30095.0,16.6,3229.0,60.2,37653.0,85000,Falls Church,Virginia,no,yes,yes,yes,https://fortune.com/global500/2019/northrop-grumman/
109,2019,421,Arrow Electronics,Wholesalers,Wholesalers: Electronics and Office Equipment,29676.8,10.7,716.2,78.2,17784.4,20100,Centennial,Colorado,no,yes,no,yes,https://fortune.com/global500/2019/arrow-electronics/
110,2019,422,Philip Morris International,"Food, Beverages & Tobacco",Tobacco,29625.0,3.1,7911.0,31.1,39801.0,77400,New York,New York,no,yes,no,no,https://fortune.com/global500/2019/philip-morris-international/
111,2019,429,Northwestern Mutual,Financials,"Insurance: Life, Health (Mutual)",29124.0,-0.7,783.0,-23.0,272167.0,5870,Milwaukee,Wisconsin,no,yes,no,yes,https://fortune.com/global500/2019/northwestern-mutual/
112,2019,449,INTL FCStone,Financials,Diversified Financials,27622.7,-6.1,55.5,767.2,7824.7,1701,New York,New York,no,yes,no,yes,https://fortune.com/global500/2019/intl-fcstone/
113,2019,454,PBF Energy,Energy,Petroleum Refining,27186.1,24.8,128.3,-69.1,8005.4,3266,Parsippany,New Jersey,yes,yes,no,yes,https://fortune.com/global500/2019/pbf-energy/
114,2019,460,Raytheon,Aerospace & Defense,Aerospace and Defense,27058.0,6.7,2909.0,43.7,31864.0,67000,Waltham,Massachusetts,no,yes,no,yes,https://fortune.com/global500/2019/raytheon/
115,2019,472,Kraft Heinz,"Food, Beverages & Tobacco",Food Consumer Products,26268.0,0.7,-10192.0,-193.2,103461.0,38000,Pittsburgh,Pennsylvania,no,no,no,no,https://fortune.com/global500/2019/kraft-heinz/
116,2019,480,Mondelez International,"Food, Beverages & Tobacco",Food Consumer Products,25938.0,0.2,3381.0,15.7,62729.0,80000,Deerfield,Illinois,no,yes,no,no,https://fortune.com/global500/2019/mondelez-international/
117,2019,486,U.S. Bancorp,Financials,Banks: Commercial and Savings,25775.0,7.4,7096.0,14.1,467374.0,75772,Minneapolis,Minnesota,no,yes,no,yes,https://fortune.com/global500/2019/u-s-bancorp/
118,2019,487,Macy&#8217;s,Retailing,General Merchandisers,25739.0,3.6,1108.0,-28.4,19194.0,130000,Cincinnati,Ohio,no,yes,no,no,https://fortune.com/global500/2019/macys/
119,2019,489,Dollar General,Retailing,Specialty Retailers,25625.0,9.2,1589.5,3.3,13204.0,135000,Goodlettsville,Tennessee,yes,yes,no,yes,https://fortune.com/global500/2019/dollar-general/
120,2019,496,Nucor,Materials,Metals,25067.3,23.8,2360.8,79.0,17920.6,26300,Charlotte,North Carolina,yes,yes,no,yes,https://fortune.com/global500/2019/nucor/
121,2020,1,Walmart,Retailing,General Merchandisers,523964.0,1.9,14881.0,123.1,236495.0,2200000,Bentonville,Arkansas,no,yes,no,no,https://fortune.com/company/walmart/global500/
122,2020,9,Amazon,Retailing,Internet Services and Retailing,280522.0,20.5,11588.0,15.0,225248.0,798000,Seattle,Washington,no,yes,no,yes,https://fortune.com/company/amazon-com/global500/
123,2020,11,Exxon Mobil,Energy,Petroleum Refining,264938.0,-8.7,14340.0,-31.2,362597.0,74900,Irving,Texas,no,yes,no,yes,https://fortune.com/company/exxon-mobil/global500/
124,2020,12,Apple,Technology,"Computers, Office Equipment",260174.0,-2.0,55256.0,-7.2,338516.0,137000,Cupertino,California,no,yes,no,yes,https://fortune.com/company/apple/global500/
125,2020,13,CVS Health,Health Care,Health Care: Pharmacy and Other Services,256776.0,32.0,6634.0,0.0,222449.0,290000,Woonsocket,Rhode Island,no,yes,no,no,https://fortune.com/company/cvs-health/global500/
126,2020,14,Berkshire Hathaway,Financials,Insurance: Property and Casualty (Stock),254616.0,2.7,81417.0,1924.8,817729.0,391500,Omaha,Nebraska,no,yes,no,yes,https://fortune.com/company/berkshire-hathaway/global500/
127,2020,15,UnitedHealth Group,Health Care,Health Care: Insurance and Managed Care,242155.0,7.0,13839.0,15.5,173889.0,325000,Minnetonka,Minnesota,no,yes,no,yes,https://fortune.com/company/unitedhealth-group/global500/
128,2020,16,McKesson,Health Care,Wholesalers: Health Care,231051.0,7.8,900.0,2547.1,61247.0,70000,Irving,Texas,no,yes,no,no,https://fortune.com/company/mckesson/global500/
129,2020,22,AT&T,Telecommunications,Telecommunications,181193.0,6.1,13903.0,-28.2,551669.0,247800,Dallas,Texas,no,yes,no,no,https://fortune.com/company/att/global500/
130,2020,23,AmerisourceBergen,Health Care,Wholesalers: Health Care,179589.0,6.9,855.4,-48.4,39172.0,21500,Chesterbrook,Pennsylvania,no,yes,no,yes,https://fortune.com/company/amerisourcebergen/global500/
131,2020,29,Alphabet,Technology,Internet Services and Retailing,161857.0,18.3,34343.0,11.7,275909.0,118899,Mountain View,California,no,yes,no,yes,https://fortune.com/company/alphabet/global500/
132,2020,31,Ford Motor,Motor Vehicles & Parts,Motor Vehicles & Parts,155900.0,-2.8,47.0,-98.7,258537.0,190000,Dearborn,Michigan,no,yes,no,no,https://fortune.com/company/ford-motor/global500/
133,2020,32,Cigna,Health Care,Health Care: Pharmacy and Other Services,153566.0,215.7,5104.0,93.6,155774.0,73700,Bloomfield,Connecticut,no,yes,no,no,https://fortune.com/company/cigna/global500/
134,2020,33,Costco Wholesale,Retailing,General Merchandisers,152703.0,7.9,3659.0,16.8,45400.0,201500,Issaquah,Washington,no,yes,no,yes,https://fortune.com/company/costco/global500/
135,2020,36,Chevron,Energy,Petroleum Refining,146516.0,-11.9,2924.0,-80.3,237428.0,48200,San Ramon,California,no,yes,no,no,https://fortune.com/company/chevron/global500/
136,2020,37,Cardinal Health,Health Care,Wholesalers: Health Care,145534.0,6.4,1363.0,432.4,40963.0,49500,Dublin,Ohio,no,yes,no,no,https://fortune.com/company/cardinal-health/global500/
137,2020,38,JPMorgan Chase,Financials,Banks: Commercial and Savings,142422.0,8.4,36431.0,12.2,2687379.0,256981,New York,New York,no,yes,no,yes,https://fortune.com/company/jpmorgan-chase/global500/
138,2020,40,General Motors,Motor Vehicles & Parts,Motor Vehicles & Parts,137237.0,-6.7,6732.0,-16.0,228037.0,164000,Detroit,Michigan,no,yes,yes,no,https://fortune.com/company/general-motors/global500/
139,2020,41,Walgreens Boots Alliance,Food & Drug Stores,Food & Drug Stores,136866.0,4.1,3982.0,-20.7,67598.0,287000,Deerfield,Illinois,no,yes,no,no,https://fortune.com/company/walgreens-boots-alliance/global500/
140,2020,44,Verizon Communications,Telecommunications,Telecommunications,131868.0,0.8,19265.0,24.1,291727.0,135000,New York,New York,no,yes,no,no,https://fortune.com/company/verizon/global500/
141,2020,47,Microsoft,Technology,Computer Software,125843.0,14.0,39240.0,136.8,286556.0,144000,Redmond,Washington,no,yes,no,yes,https://fortune.com/company/microsoft/global500/
142,2020,48,Marathon Petroleum,Energy,Petroleum Refining,124813.0,28.5,2637.0,-5.1,98556.0,60910,Findlay,Ohio,no,yes,no,yes,https://fortune.com/company/marathon-petroleum/global500/
143,2020,51,Kroger,Food & Drug Stores,Food & Drug Stores,122286.0,0.9,1659.0,-46.7,45256.0,435000,Cincinnati,Ohio,no,yes,no,no,https://fortune.com/company/kroger/global500/
144,2020,53,Fannie Mae,Financials,Diversified Financials,120304.0,0.2,14160.0,-11.3,3503319.0,7500,Washington,District Of Columbia,no,yes,no,yes,https://fortune.com/company/fannie-mae/global500/
145,2020,58,Bank of America,Financials,Banks: Commercial and Savings,113589.0,2.7,27430.0,-2.5,2434079.0,208131,Charlotte,North Carolina,no,yes,no,yes,https://fortune.com/company/bank-of-america-corp/global500/
146,2020,59,Home Depot,Retailing,Specialty Retailers,110225.0,1.9,11242.0,1.1,51236.0,415700,Atlanta,Georgia,no,yes,no,yes,https://fortune.com/company/home-depot/global500/
147,2020,61,Phillips 66,Energy,Petroleum Refining,109559.0,-4.1,3076.0,-45.0,58720.0,14500,Houston,Texas,no,yes,no,yes,https://fortune.com/company/phillips/global500/
148,2020,63,Comcast,Telecommunications,Telecommunications,108942.0,15.3,13057.0,11.3,263414.0,190000,Philadelphia,Pennsylvania,no,yes,no,yes,https://fortune.com/company/comcast/global500/
149,2020,68,Anthem,Health Care,Health Care: Insurance and Managed Care,104213.0,13.1,4807.0,28.2,77453.0,70600,Indianapolis,Indiana,no,yes,yes,yes,https://fortune.com/company/anthem/global500/
150,2020,69,Wells Fargo,Financials,Banks: Commercial and Savings,103915.0,2.8,19549.0,-12.7,1927555.0,259800,San Francisco,California,no,yes,no,yes,https://fortune.com/company/wells-fargo/global500/
151,2020,70,Citigroup,Financials,Banks: Commercial and Savings,103449.0,6.5,19401.0,7.5,1951158.0,200000,New York,New York,no,yes,no,no,https://fortune.com/company/citigroup/global500/
152,2020,71,Valero Energy,Energy,Petroleum Refining,102729.0,-7.8,2422.0,-22.4,53864.0,10222,San Antonio,Texas,no,yes,no,no,https://fortune.com/company/valero-energy/global500/
153,2020,77,General Electric,Industrials,Industrial Machinery,95214.0,-20.8,-4979.0,0.0,266048.0,205000,Boston,Massachusetts,no,no,no,no,https://fortune.com/company/general-electric/global500/
154,2020,81,Dell Technologies,Technology,"Computers, Office Equipment",92154.0,1.7,4616.0,0.0,118861.0,165000,Round Rock,Texas,no,yes,no,yes,https://fortune.com/company/dell-technologies/global500/
155,2020,104,Johnson & Johnson,Health Care,Pharmaceuticals,82059.0,0.6,15119.0,-1.2,157728.0,132200,New Brunswick,New Jersey,no,yes,no,no,https://fortune.com/company/johnson-johnson/global500/
156,2020,114,State Farm Insurance,Financials,Insurance: Property and Casualty (Mutual),79395.0,-2.9,5592.7,-36.4,294823.2,57672,Bloomington,Illinois,no,yes,no,yes,https://fortune.com/company/state-farm-insurance-cos/global500/
157,2020,117,Target,Retailing,General Merchandisers,78112.0,3.7,3281.0,11.7,42779.0,368000,Minneapolis,Minnesota,no,yes,no,yes,https://fortune.com/company/target/global500/
158,2020,118,International Business Machines,Technology,Information Technology Services,77147.0,-3.1,9431.0,8.1,152186.0,383800,Armonk,New York,no,yes,no,yes,https://fortune.com/company/ibm/global500/
159,2020,119,Raytheon Technologies,Aerospace & Defense,Aerospace & Defense,77046.0,15.9,5537.0,5.1,139716.0,243200,Waltham,Massachusetts,no,yes,no,yes,https://fortune.com/company/raytheon-technologies/global500/
160,2020,121,Boeing,Aerospace & Defense,Aerospace & Defense,76559.0,-24.3,-636.0,-106.1,133625.0,161100,Chicago,Illinois,no,no,no,yes,https://fortune.com/company/boeing/global500/
161,2020,125,Freddie Mac,Financials,Diversified Financials,75125.0,2.1,7214.0,-21.9,2203623.0,6892,McLean,Virginia,no,yes,no,yes,https://fortune.com/company/freddie-mac/global500/
162,2020,127,Centene,Health Care,Health Care: Insurance and Managed Care,74639.0,24.2,1321.0,46.8,40994.0,56600,St. Louis,Missouri,no,yes,no,yes,https://fortune.com/company/centene/global500/
163,2020,129,United Parcel Service,Transportation,"Mail, Package, and Freight Delivery",74094.0,3.1,4440.0,-7.3,57857.0,377640,Atlanta,Georgia,no,yes,yes,yes,https://fortune.com/company/ups/global500/
164,2020,137,Lowe&#8217;s,Retailing,Specialty Retailers,72148.0,1.2,4281.0,85.0,39471.0,260000,Mooresville,North Carolina,no,yes,no,yes,https://fortune.com/company/lowes/global500/
165,2020,138,Intel,Technology,Semiconductors and Other Electronic Components,71965.0,1.6,21048.0,0.0,136524.0,110800,Santa Clara,California,no,yes,no,yes,https://fortune.com/company/intel/global500/
166,2020,141,U.S. Postal Service,Transportation,"Mail, Package, and Freight Delivery",71154.0,0.7,-8813.0,0.0,25633.0,565021,Washington,District Of Columbia,no,no,no,no,https://fortune.com/company/u-s-postal-service/global500/
167,2020,144,Meta Platforms,Technology,Internet Services and Retailing,70697.0,26.6,18485.0,-16.4,133376.0,44942,Menlo Park,California,no,yes,no,yes,https://fortune.com/company/facebook/global500/
168,2020,148,FedEx,Transportation,"Mail, Package, and Freight Delivery",69693.0,6.5,540.0,-88.2,54403.0,374198,Memphis,Tennessee,no,yes,no,yes,https://fortune.com/company/fedex/global500/
169,2020,149,MetLife,Financials,"Insurance: Life, Health (stock)",69620.0,2.5,5899.0,15.1,740463.0,49000,New York,New York,no,yes,no,yes,https://fortune.com/company/metlife/global500/
170,2020,150,Walt Disney,Media,Entertainment,69570.0,17.1,11054.0,-12.3,193984.0,223000,Burbank,California,no,yes,no,yes,https://fortune.com/company/disney/global500/
171,2020,156,Procter & Gamble,Household Products,Household and Personal Products,67684.0,1.3,3897.0,-60.0,115095.0,97000,Cincinnati,Ohio,no,yes,no,yes,https://fortune.com/company/procter-gamble/global500/
172,2020,160,PepsiCo,"Food, Beverages & Tobacco",Food Consumer Products,67161.0,3.9,7314.0,-41.6,78547.0,267000,Purchase,New York,no,yes,no,no,https://fortune.com/company/pepsico/global500/
173,2020,166,Humana,Health Care,Health Care: Insurance and Managed Care,64888.0,14.0,2707.0,60.8,29074.0,46000,Louisville,Kentucky,no,yes,no,yes,https://fortune.com/company/humana/global500/
174,2020,167,Prudential Financial,Financials,"Insurance: Life, Health (stock)",64807.0,2.9,4186.0,2.7,896552.0,51511,Newark,New Jersey,no,yes,no,yes,https://fortune.com/company/prudential-financial/global500/
175,2020,168,Archer Daniels Midland (ADM),"Food, Beverages & Tobacco",Food Production,64656.0,0.5,1379.0,-23.8,43997.0,38100,Chicago,Illinois,no,yes,no,yes,https://fortune.com/company/archer-daniels-midland/global500/
176,2020,174,Albertsons,Food & Drug Stores,Food & Drug Stores,62455.0,3.2,466.4,255.8,24735.1,270000,Boise,Idaho,no,yes,no,yes,https://fortune.com/company/albertsons-cos/global500/
177,2020,179,Sysco,Wholesalers,Wholesalers: Food and Grocery,60114.0,2.4,1674.3,17.0,17966.5,69000,Houston,Texas,no,yes,no,yes,https://fortune.com/company/sysco/global500/
178,2020,182,Lockheed Martin,Aerospace & Defense,Aerospace & Defense,59812.0,11.3,6230.0,23.5,47528.0,110000,Bethesda,Maryland,no,yes,no,yes,https://fortune.com/company/lockheed-martin/global500/
179,2020,184,HP,Technology,"Computers, Office Equipment",58756.0,0.5,3152.0,-40.8,33467.0,56000,Palo Alto,California,no,yes,no,yes,https://fortune.com/company/hp/global500/
180,2020,200,Energy Transfer,Energy,Pipelines,54213.0,-0.4,3592.0,112.0,98880.0,12812,Dallas,Texas,no,yes,no,yes,https://fortune.com/company/energy-transfer-equity/global500/
181,2020,202,Goldman Sachs Group,Financials,Banks: Commercial and Savings,53922.0,2.7,8466.0,-19.1,992968.0,38300,New York,New York,no,yes,no,yes,https://fortune.com/company/goldman-sachs-group/global500/
182,2020,203,Morgan Stanley,Financials,Banks: Commercial and Savings,53823.0,7.2,9042.0,3.4,895429.0,60431,New York,New York,no,yes,no,yes,https://fortune.com/company/morgan-stanley/global500/
183,2020,204,Caterpillar,Industrials,Construction and Farm Machinery,53800.0,-1.7,6093.0,-0.9,78453.0,102300,Deerfield,Illinois,no,yes,no,no,https://fortune.com/company/caterpillar/global500/
184,2020,211,Cisco Systems,Technology,Network and Other Communications Equipment,51904.0,5.2,11621.0,10464.5,97793.0,75900,San Jose,California,no,yes,no,yes,https://fortune.com/company/cisco-systems/global500/
185,2020,215,Pfizer,Health Care,Pharmaceuticals,51750.0,-3.5,16273.0,45.9,167489.0,88300,New York,New York,no,yes,no,no,https://fortune.com/company/pfizer/global500/
186,2020,219,HCA Healthcare,Health Care,Health Care: Medical Facilities,51336.0,10.0,3505.0,-7.4,45058.0,245000,Nashville,Tennessee,no,yes,no,yes,https://fortune.com/company/hca-holdings/global500/
187,2020,231,American International Group,Financials,Insurance: Property and Casualty (Stock),49746.0,5.0,3348.0,0.0,525064.0,46000,New York,New York,no,yes,no,no,https://fortune.com/company/aig/global500/
188,2020,251,American Express,Financials,Diversified Financials,47020.0,8.6,6759.0,-2.3,198321.0,64500,New York,New York,no,yes,no,yes,https://fortune.com/company/american-express/global500/
189,2020,252,Delta Air Lines,Transportation,Airlines,47007.0,5.8,4767.0,21.1,64532.0,91224,Atlanta,Georgia,no,yes,no,yes,https://fortune.com/company/delta-air-lines/global500/
190,2020,256,Merck,Health Care,Pharmaceuticals,46840.0,10.7,9843.0,58.2,84397.0,71000,Kenilworth,New Jersey,no,yes,no,yes,https://fortune.com/company/merck/global500/
191,2020,257,American Airlines Group,Transportation,Airlines,45768.0,2.8,1686.0,19.4,59995.0,133700,Fort Worth,Texas,no,yes,no,yes,https://fortune.com/company/american-airlines-group/global500/
192,2020,258,Charter Communications,Telecommunications,Telecommunications,45764.0,4.9,1668.0,35.6,148188.0,95100,Stamford,Connecticut,no,yes,no,no,https://fortune.com/company/charter-communications/global500/
193,2020,263,Allstate,Financials,Insurance: Property and Casualty (Stock),44675.0,12.2,4847.0,115.2,119950.0,46035,Northbrook,Illinois,no,yes,no,yes,https://fortune.com/company/allstate/global500/
194,2020,269,New York Life Insurance,Financials,"Insurance: Life, Health (Mutual)",44117.0,1.6,1003.8,14.1,330806.3,11519,New York,New York,no,yes,no,yes,https://fortune.com/company/new-york-life-insurance/global500/
195,2020,271,Nationwide,Financials,Insurance: Property and Casualty (Mutual),43982.0,1.6,829.7,61.9,239539.6,28114,Columbus,Ohio,no,yes,no,no,https://fortune.com/company/nationwide/global500/
196,2020,274,Best Buy,Retailing,Specialty Retailers,43638.0,1.8,1541.0,5.3,15591.0,125000,Richfield,Minnesota,no,yes,yes,no,https://fortune.com/company/best-buy/global500/
197,2020,275,United Airlines Holdings,Transportation,Airlines,43259.0,4.7,3009.0,41.3,52611.0,96000,Chicago,Illinois,no,yes,no,yes,https://fortune.com/company/united-continental-holdings/global500/
198,2020,277,Liberty Mutual Insurance Group,Financials,Insurance: Property and Casualty (Stock),43228.0,1.3,1044.0,-51.7,133644.0,45000,Boston,Massachusetts,no,yes,no,no,https://fortune.com/company/liberty-mutual-insurance-group/global500/
199,2020,282,Dow,Chemicals,Chemicals,42951.0,0.0,-1359.0,0.0,60524.0,36500,Midland,Michigan,yes,no,no,no,https://fortune.com/company/dow/global500/
200,2020,286,Tyson Foods,"Food, Beverages & Tobacco",Food Production,42405.0,5.9,2022.0,-33.1,33097.0,141000,Springdale,Arkansas,no,yes,no,yes,https://fortune.com/company/tyson-foods/global500/
201,2020,291,TJX,Retailing,Specialty Retailers,41717.0,7.0,3272.2,6.9,24145.0,286000,Framingham,Massachusetts,no,yes,no,yes,https://fortune.com/company/tjx/global500/
202,2020,296,Bunge,"Food, Beverages & Tobacco",Food Production,41140.0,-10.1,-1280.0,-579.4,18317.0,24000,St. Louis,Missouri,no,no,no,no,https://fortune.com/company/bunge/global500/
203,2020,305,TIAA,Financials,"Insurance: Life, Health (Mutual)",40454.0,-1.5,2460.1,57.6,615042.3,16533,New York,New York,no,yes,no,no,https://fortune.com/company/tiaa/global500/
204,2020,313,Oracle,Technology,Computer Software,39506.0,-0.8,11083.0,189.8,108709.0,136000,Redwood City,California,no,yes,yes,no,https://fortune.com/company/oracle/global500/
205,2020,316,General Dynamics,Aerospace & Defense,Aerospace & Defense,39350.0,8.7,3484.0,4.2,48841.0,102900,Reston,Virginia,no,yes,yes,no,https://fortune.com/company/general-dynamics/global500/
206,2020,318,Deere,Industrials,Construction and Farm Machinery,39258.0,5.1,3253.0,37.4,73011.0,73489,Moline,Illinois,no,yes,no,no,https://fortune.com/company/deere/global500/
207,2020,321,Nike,Apparel,Apparel,39117.0,7.5,4029.0,108.4,23717.0,76700,Beaverton,Oregon,no,yes,no,yes,https://fortune.com/company/nike/global500/
208,2020,322,Progressive,Financials,Insurance: Property and Casualty (Stock),39022.0,22.0,3970.3,51.8,54895.3,41571,Mayfield Village,Ohio,no,yes,yes,yes,https://fortune.com/company/progressive/global500/
209,2020,324,Publix Super Markets,Food & Drug Stores,Food & Drug Stores,38463.0,5.7,3005.4,26.2,24507.1,207000,Lakeland,Florida,no,yes,no,yes,https://fortune.com/company/publix-super-markets/global500/
210,2020,334,Coca-Cola,"Food, Beverages & Tobacco",Beverages,37266.0,17.0,8920.0,38.6,86381.0,86200,Atlanta,Georgia,no,yes,no,yes,https://fortune.com/company/coca-cola/global500/
211,2020,335,Massachusetts Mutual Life Insurance,Financials,"Insurance: Life, Health (Mutual)",37253.0,-5.1,3700.7,830.1,290730.7,9896,Springfield,Massachusetts,no,yes,no,yes,https://fortune.com/company/massachusetts-mutual-life-insurance/global500/
212,2020,340,Tech Data,Wholesalers,Wholesalers: Electronics and Office Equipment,36998.0,-0.6,374.5,10.0,13268.6,15000,Clearwater,Florida,no,yes,no,yes,https://fortune.com/company/tech-data/global500/
213,2020,344,World Fuel Services,Energy,Energy,36819.0,-7.4,178.9,40.1,5992.4,5500,Miami,Florida,no,yes,no,yes,https://fortune.com/company/world-fuel-services/global500/
214,2020,346,Honeywell International,Industrials,"Electronics, Electrical Equip.",36709.0,-12.2,6143.0,-9.2,58679.0,113000,Charlotte,North Carolina,no,yes,no,no,https://fortune.com/company/honeywell-international/global500/
215,2020,347,ConocoPhillips,Energy,"Mining, Crude-Oil Production",36670.0,-5.3,7189.0,14.9,70514.0,10400,Houston,Texas,no,yes,no,no,https://fortune.com/company/conocophillips/global500/
216,2020,354,USAA,Financials,Insurance: Property and Casualty (Stock),35617.0,13.5,4006.3,74.8,173732.6,35076,San Antonio,Texas,no,yes,no,yes,https://fortune.com/company/usaa/global500/
217,2020,363,Exelon,Energy,Utilities,34438.0,-4.3,2936.0,46.1,124977.0,32713,Chicago,Illinois,no,yes,no,no,https://fortune.com/company/exelon/global500/
218,2020,367,Northrop Grumman,Aerospace & Defense,Aerospace & Defense,33841.0,12.4,2248.0,-30.4,41089.0,90000,Falls Church,Virginia,no,yes,yes,yes,https://fortune.com/company/northrop-grumman/global500/
219,2020,371,Capital One Financial,Financials,Banks: Commercial and Savings,33766.0,4.3,5546.0,-7.8,390365.0,51900,McLean,Virginia,no,yes,no,yes,https://fortune.com/company/capital-one-financial/global500/
220,2020,372,Plains GP Holdings,Energy,Pipelines,33669.0,-1.1,331.0,-0.9,29969.0,5000,Houston,Texas,no,yes,no,yes,https://fortune.com/company/plains-gp-holdings/global500/
221,2020,377,AbbVie,Health Care,Pharmaceuticals,33266.0,1.6,7882.0,38.6,89115.0,30000,North Chicago,Illinois,no,yes,no,no,https://fortune.com/company/abbvie/global500/
222,2020,381,Schlumberger,Energy,"Oil & Gas Equipment, Services",32917.0,0.3,-10137.0,-574.1,56312.0,105000,Houston,Texas,no,no,no,yes,https://fortune.com/company/schlumberger/global500/
223,2020,382,StoneX,Financials,Diversified Financials,32897.0,19.1,85.1,53.3,9936.1,2012,New York,New York,no,yes,no,yes,https://fortune.com/company/stonex-group/global500/
224,2020,383,Enterprise Products Partners,Energy,Pipelines,32789.0,-10.3,4591.3,10.0,61733.2,7300,Houston,Texas,no,yes,no,yes,https://fortune.com/company/enterprise-products-partners/global500/
225,2020,387,Northwestern Mutual,Financials,"Insurance: Life, Health (Mutual)",32294.0,10.9,1268.0,61.9,290318.0,5964,Milwaukee,Wisconsin,no,yes,no,yes,https://fortune.com/company/northwestern-mutual/global500/
226,2020,388,3M,Industrials,Chemicals,32136.0,-1.9,4570.0,-14.6,44659.0,96163,St. Paul,Minnesota,no,yes,no,yes,https://fortune.com/company/3m/global500/
227,2020,392,Abbott Laboratories,Health Care,Medical Products and Equipment,31904.0,4.3,3687.0,55.7,67887.0,107000,Abbott Park,Illinois,no,yes,no,yes,https://fortune.com/company/abbott-laboratories/global500/
228,2020,393,CHS,"Food, Beverages & Tobacco",Food Production,31901.0,-2.4,829.9,7.0,16447.5,10703,Inver Grove Heights,Minnesota,no,yes,no,yes,https://fortune.com/company/chs/global500/
229,2020,398,Travelers,Financials,Insurance: Property and Casualty (Stock),31581.0,4.3,2622.0,3.9,110122.0,30800,New York,New York,no,yes,no,yes,https://fortune.com/company/travelers-cos/global500/
230,2020,420,Philip Morris International,"Food, Beverages & Tobacco",Tobacco,29805.0,0.6,7185.0,-9.2,42875.0,73500,New York,New York,no,yes,no,no,https://fortune.com/company/philip-morris-international/global500/
231,2020,430,Hewlett Packard Enterprise,Technology,"Computers, Office Equipment",29135.0,-5.6,1049.0,-45.0,51803.0,61600,San Jose,California,no,yes,no,yes,https://fortune.com/company/hewlett-packard-enterprise/global500/
232,2020,440,Arrow Electronics,Wholesalers,Wholesalers: Electronics and Office Equipment,28917.0,-2.6,-204.1,-128.5,16400.8,19300,Centennial,Colorado,no,no,no,no,https://fortune.com/company/arrow-electronics/global500/
233,2020,456,ViacomCBS,Media,Entertainment,27812.0,91.6,3308.0,68.8,49519.0,26280,New York,New York,yes,yes,no,yes,https://fortune.com/company/cbs/global500/
234,2020,459,Dollar General,Retailing,Specialty Retailers,27754.0,8.3,1712.6,7.7,22825.1,143000,Goodlettsville,Tennessee,no,yes,no,yes,https://fortune.com/company/dollar-general/global500/
235,2020,465,U.S. Bancorp,Financials,Banks: Commercial and Savings,27325.0,6.0,6914.0,-2.6,495426.0,69651,Minneapolis,Minnesota,no,yes,no,no,https://fortune.com/company/u-s-bancorp/global500/
236,2020,477,Starbucks,"Hotels, Restaurants & Leisure",Food Services,26509.0,7.2,3599.2,-20.3,19219.6,346000,Seattle,Washington,yes,yes,no,yes,https://fortune.com/company/starbucks/global500/
237,2020,486,Bristol-Myers Squibb,Health Care,Pharmaceuticals,26145.0,15.9,3439.0,-30.1,129944.0,30000,New York,New York,yes,yes,no,yes,https://fortune.com/company/bristol-myers-squibb/global500/
238,2020,493,US Foods Holding,Wholesalers,Wholesalers: Food and Grocery,25939.0,7.3,385.0,-5.4,11288.0,28000,Rosemont,Illinois,yes,yes,no,yes,https://fortune.com/company/us-foods-holding/global500/
239,2020,494,Mondelez International,"Food, Beverages & Tobacco",Food Consumer Products,25868.0,-0.3,3870.0,14.5,64549.0,80000,Deerfield,Illinois,no,yes,no,no,https://fortune.com/company/mondelez-international/global500/
240,2020,496,Paccar,Industrials,Construction and Farm Machinery,25600.0,9.0,2387.9,8.8,28361.1,27000,Bellevue,Washington,yes,yes,no,no,https://fortune.com/company/paccar/global500/
241,2020,497,Thermo Fisher Scientific,Technology,"Scientific, Photographic, and Control Equipment",25542.0,4.9,3696.0,25.8,58381.0,75000,Waltham,Massachusetts,yes,yes,no,yes,https://fortune.com/company/thermo-fisher-scientific/global500/
242,2021,1,Walmart,Retailing,General Merchandisers,559151.0,6.7,13510.0,-9.2,252496.0,2300000,Bentonville,Arkansas,no,yes,no,yes,https://fortune.com/company/walmart/global500/
243,2021,3,Amazon,Retailing,Internet Services and Retailing,386064.0,37.6,21331.0,84.1,321195.0,1298000,Seattle,Washington,no,yes,no,yes,https://fortune.com/company/amazon-com/global500/
244,2021,6,Apple,Technology,"Computers, Office Equipment",274515.0,5.5,57411.0,3.9,323888.0,147000,Cupertino,California,no,yes,no,yes,https://fortune.com/company/apple/global500/
245,2021,7,CVS Health,Health Care,Health Care: Pharmacy and Other Services,268706.0,4.6,7179.0,8.2,230715.0,256500,Woonsocket,Rhode Island,no,yes,yes,no,https://fortune.com/company/cvs-health/global500/
246,2021,8,UnitedHealth Group,Health Care,Health Care: Insurance and Managed Care,257141.0,6.2,15403.0,11.3,197289.0,330000,Minnetonka,Minnesota,no,yes,no,yes,https://fortune.com/company/unitedhealth-group/global500/
247,2021,11,Berkshire Hathaway,Financials,Insurance: Property and Casualty (Stock),245510.0,-3.6,42521.0,-47.8,873729.0,360000,Omaha,Nebraska,no,yes,no,no,https://fortune.com/company/berkshire-hathaway/global500/
248,2021,12,McKesson,Health Care,Wholesalers: Health Care,238228.0,3.1,-4539.0,-604.3,65015.0,67500,Irving,Texas,no,no,no,no,https://fortune.com/company/mckesson/global500/
249,2021,17,AmerisourceBergen,Health Care,Wholesalers: Health Care,189893.9,5.7,-3408.7,-498.5,44274.8,21500,Chesterbrook,Pennsylvania,no,no,no,no,https://fortune.com/company/amerisourcebergen/global500/
250,2021,21,Alphabet,Technology,Internet Services and Retailing,182527.0,12.8,40269.0,17.3,319616.0,135301,Mountain View,California,no,yes,no,yes,https://fortune.com/company/alphabet/global500/
251,2021,23,Exxon Mobil,Energy,Petroleum Refining,181502.0,-31.5,-22440.0,-256.5,332750.0,72000,Irving,Texas,no,no,no,no,https://fortune.com/company/exxon-mobil/global500/
252,2021,26,AT&T,Telecommunications,Telecommunications,171760.0,-5.2,-5176.0,-137.2,525761.0,230760,Dallas,Texas,no,no,no,no,https://fortune.com/company/att/global500/
253,2021,27,Costco Wholesale,Retailing,General Merchandisers,166761.0,9.2,4002.0,9.4,55556.0,214500,Issaquah,Washington,no,yes,no,yes,https://fortune.com/company/costco/global500/
254,2021,28,Cigna,Health Care,Health Care: Pharmacy and Other Services,160401.0,4.5,8458.0,65.7,155451.0,72963,Bloomfield,Connecticut,no,yes,no,no,https://fortune.com/company/cigna/global500/
255,2021,30,Cardinal Health,Health Care,Wholesalers: Health Care,152922.0,5.1,-3696.0,-371.2,40766.0,48000,Dublin,Ohio,no,no,no,no,https://fortune.com/company/cardinal-health/global500/
256,2021,33,Microsoft,Technology,Computer Software,143015.0,13.6,44281.0,12.8,301311.0,163000,Redmond,Washington,no,yes,no,yes,https://fortune.com/company/microsoft/global500/
257,2021,36,Walgreens Boots Alliance,Food & Drug Stores,Food & Drug Stores,139537.0,2.0,456.0,-88.5,87174.0,277000,Deerfield,Illinois,no,yes,yes,no,https://fortune.com/company/walgreens-boots-alliance/global500/
258,2021,40,Kroger,Food & Drug Stores,Food & Drug Stores,132498.0,8.4,2585.0,55.8,48662.0,465000,Cincinnati,Ohio,no,yes,no,yes,https://fortune.com/company/kroger/global500/
259,2021,41,Home Depot,Retailing,Specialty Retailers,132110.0,19.9,12866.0,14.4,70581.0,504800,Atlanta,Georgia,no,yes,no,yes,https://fortune.com/company/home-depot/global500/
260,2021,43,JPMorgan Chase,Financials,Banks: Commercial and Savings,129503.0,-9.1,29131.0,-20.0,3386071.0,255351,New York,New York City,no,yes,no,no,https://fortune.com/company/jpmorgan-chase/global500/
261,2021,45,Verizon Communications,Telecommunications,Telecommunications,128292.0,-2.7,17801.0,-7.6,316481.0,132200,New York,New York City,no,yes,no,no,https://fortune.com/company/verizon/global500/
262,2021,47,Ford Motor,Motor Vehicles & Parts,Motor Vehicles & Parts,127144.0,-18.4,-1279.0,-2821.3,267261.0,186000,Dearborn,Michigan,no,no,no,no,https://fortune.com/company/ford-motor/global500/
263,2021,49,General Motors,Motor Vehicles & Parts,Motor Vehicles & Parts,122485.0,-10.7,6427.0,-4.5,235194.0,155000,Detroit,Michigan,no,yes,yes,no,https://fortune.com/company/general-motors/global500/
264,2021,50,Anthem,Health Care,Health Care: Insurance and Managed Care,121867.0,16.9,4572.0,-4.9,86615.0,83400,Indianapolis,Indiana,no,yes,yes,yes,https://fortune.com/company/anthem/global500/
265,2021,57,Centene,Health Care,Health Care: Insurance and Managed Care,111115.0,48.9,1808.0,36.9,68719.0,71300,St. Louis,Missouri,no,yes,no,yes,https://fortune.com/company/centene/global500/
266,2021,62,Fannie Mae,Financials,Diversified Financials,106437.0,-11.5,11805.0,-16.6,3985749.0,7700,Washington,District Of Columbia,no,yes,no,yes,https://fortune.com/company/fannie-mae/global500/
267,2021,64,Comcast,Telecommunications,Telecommunications,103564.0,-4.9,10534.0,-19.3,273869.0,168000,Philadelphia,Pennsylvania,no,yes,no,no,https://fortune.com/company/comcast/global500/
268,2021,75,Chevron,Energy,Petroleum Refining,94692.0,-35.4,-5543.0,-289.6,239790.0,47736,San Ramon,California,no,no,no,no,https://fortune.com/company/chevron/global500/
269,2021,76,Dell Technologies,Technology,"Computers, Office Equipment",94224.0,2.2,3250.0,-29.6,123415.0,158000,Round Rock,Texas,no,yes,no,no,https://fortune.com/company/dell-technologies/global500/
270,2021,77,Bank of America,Financials,Banks: Commercial and Savings,93753.0,-17.5,17894.0,-34.8,2819627.0,212505,Charlotte,North Carolina,no,yes,no,yes,https://fortune.com/company/bank-of-america-corp/global500/
271,2021,78,Target,Retailing,General Merchandisers,93561.0,19.8,4368.0,33.1,51248.0,409000,Minneapolis,Minnesota,no,yes,no,yes,https://fortune.com/company/target/global500/
272,2021,80,Lowe&#8217;s,Retailing,Specialty Retailers,89597.0,24.2,5835.0,36.3,46735.0,280000,Mooresville,North Carolina,no,yes,no,yes,https://fortune.com/company/lowes/global500/
273,2021,81,Marathon Petroleum,Energy,Petroleum Refining,88952.0,-28.7,-9826.0,-472.6,85158.0,57900,Findlay,Ohio,no,no,no,no,https://fortune.com/company/marathon-petroleum/global500/
274,2021,82,Citigroup,Financials,Banks: Commercial and Savings,88839.0,-14.1,11047.0,-43.1,2260090.0,210153,New York,New York City,no,yes,yes,yes,https://fortune.com/company/citigroup/global500/
275,2021,86,Meta Platforms,Technology,Internet Services and Retailing,85965.0,21.6,29146.0,57.7,159316.0,58604,Menlo Park,California,no,yes,no,yes,https://fortune.com/company/facebook/global500/
276,2021,89,United Parcel Service,Transportation,"Mail, Package, and Freight Delivery",84628.0,14.2,1343.0,-69.8,62408.0,408255,Atlanta,Georgia,no,yes,yes,yes,https://fortune.com/company/ups/global500/
277,2021,94,Johnson & Johnson,Health Care,Pharmaceuticals,82584.0,0.6,14714.0,-2.7,174894.0,134500,New Brunswick,New Jersey,no,yes,no,yes,https://fortune.com/company/johnson-johnson/global500/
278,2021,103,Wells Fargo,Financials,Banks: Commercial and Savings,80303.0,-22.7,3301.0,-83.1,1955163.0,268531,San Francisco,California,no,yes,no,yes,https://fortune.com/company/wells-fargo/global500/
279,2021,104,General Electric,Industrials,Industrial Machinery,79619.0,-16.4,5704.0,0.0,253452.0,184000,Boston,Massachusetts,no,yes,no,no,https://fortune.com/company/general-electric/global500/
280,2021,106,State Farm Insurance,Financials,Insurance: Property and Casualty (Mutual),78898.0,-0.6,3738.9,-33.1,299104.5,57582,Bloomington,Illinois,no,yes,no,no,https://fortune.com/company/state-farm-insurance-cos/global500/
281,2021,108,Intel,Technology,Semiconductors and Other Electronic Components,77867.0,8.2,20899.0,-0.7,153091.0,110600,Santa Clara,California,no,yes,no,no,https://fortune.com/company/intel/global500/
282,2021,110,Humana,Health Care,Health Care: Insurance and Managed Care,77155.0,18.9,3367.0,24.4,34969.0,48700,Louisville,Kentucky,no,yes,no,yes,https://fortune.com/company/humana/global500/
283,2021,121,International Business Machines,Technology,Information Technology Services,73620.0,-4.6,5590.0,-40.7,155971.0,364800,Armonk,New York City,no,yes,no,no,https://fortune.com/company/ibm/global500/
284,2021,123,U.S. Postal Service,Transportation,"Mail, Package, and Freight Delivery",73133.0,2.8,-9176.0,0.0,35904.0,569987,Washington,District Of Columbia,no,no,no,yes,https://fortune.com/company/u-s-postal-service/global500/
285,2021,128,Procter & Gamble,Household Products,Household and Personal Products,70950.0,4.8,13027.0,234.3,120700.0,99000,Cincinnati,Ohio,no,yes,no,yes,https://fortune.com/company/procter-gamble/global500/
286,2021,131,PepsiCo,"Food, Beverages & Tobacco",Food Consumer Products,70372.0,4.8,7120.0,-2.7,92918.0,291000,Purchase,New York City,no,yes,no,yes,https://fortune.com/company/pepsico/global500/
287,2021,133,Albertsons,Food & Drug Stores,Food & Drug Stores,69690.4,11.6,850.2,82.3,26598.0,300000,Boise,Idaho,no,yes,no,yes,https://fortune.com/company/albertsons-cos/global500/
288,2021,135,FedEx,Transportation,"Mail, Package, and Freight Delivery",69217.0,-0.7,1286.0,138.1,73537.0,499718,Memphis,Tennessee,no,yes,no,yes,https://fortune.com/company/fedex/global500/
289,2021,136,MetLife,Financials,"Insurance: Life, Health (stock)",67842.0,-2.6,5407.0,-8.3,795146.0,46500,New York,New York City,no,yes,no,no,https://fortune.com/company/metlife/global500/
290,2021,141,Freddie Mac,Financials,Diversified Financials,66228.0,-11.8,7326.0,1.6,2627415.0,6922,McLean,Virginia,no,yes,no,yes,https://fortune.com/company/freddie-mac/global500/
291,2021,143,Phillips 66,Energy,Petroleum Refining,65494.0,-40.2,-3975.0,-229.2,54721.0,14300,Houston,Texas,no,no,no,no,https://fortune.com/company/phillips/global500/
292,2021,144,Lockheed Martin,Aerospace & Defense,Aerospace & Defense,65398.0,9.3,6833.0,9.7,50710.0,114000,Bethesda,Maryland,no,yes,no,yes,https://fortune.com/company/lockheed-martin/global500/
293,2021,145,Walt Disney,Media,Entertainment,65388.0,-6.0,-2864.0,-125.9,201549.0,203000,Burbank,California,no,no,no,no,https://fortune.com/company/disney/global500/
294,2021,146,Archer Daniels Midland (ADM),"Food, Beverages & Tobacco",Food Production,64355.0,-0.5,1772.0,28.5,49719.0,38332,Chicago,Illinois,no,yes,no,yes,https://fortune.com/company/archer-daniels-midland/global500/
295,2021,164,Valero Energy,Energy,Petroleum Refining,60115.0,-41.5,-1421.0,-158.7,51774.0,9964,San Antonio,Texas,no,no,no,no,https://fortune.com/company/valero-energy/global500/
296,2021,173,Boeing,Aerospace & Defense,Aerospace & Defense,58158.0,-24.0,-11873.0,0.0,152136.0,141000,Chicago,Illinois,no,no,no,no,https://fortune.com/company/boeing/global500/
297,2021,178,Prudential Financial,Financials,"Insurance: Life, Health (stock)",57033.0,-12.0,-374.0,-108.9,940722.0,41671,Newark,New Jersey,no,no,no,no,https://fortune.com/company/prudential-financial/global500/
298,2021,182,HP,Technology,"Computers, Office Equipment",56639.0,-3.6,2844.0,-9.8,34681.0,53000,Palo Alto,California,no,yes,no,no,https://fortune.com/company/hp/global500/
299,2021,183,Raytheon Technologies,Aerospace & Defense,Aerospace & Defense,56587.0,-26.6,-3519.0,-163.6,162153.0,181000,Waltham,Massachusetts,no,no,no,no,https://fortune.com/company/raytheon-technologies/global500/
300,2021,190,StoneX,Financials,Diversified Financials,54139.6,64.6,169.6,99.3,13474.9,2950,New York,New York City,no,yes,no,yes,https://fortune.com/company/stonex-group/global500/
301,2021,193,Goldman Sachs Group,Financials,Banks: Commercial and Savings,53498.0,-0.8,9459.0,11.7,1163028.0,40500,New York,New York City,no,yes,no,yes,https://fortune.com/company/goldman-sachs-group/global500/
302,2021,199,Sysco,Wholesalers,Wholesalers: Food and Grocery,52893.3,-12.0,215.5,-87.1,22628.3,57000,Houston,Texas,no,yes,no,no,https://fortune.com/company/sysco/global500/
303,2021,204,Morgan Stanley,Financials,Banks: Commercial and Savings,52047.0,-3.3,10996.0,21.6,1115862.0,68097,New York,New York City,no,yes,no,yes,https://fortune.com/company/morgan-stanley/global500/
304,2021,207,HCA Healthcare,Health Care,Health Care: Medical Facilities,51533.0,0.4,3754.0,7.1,47490.0,235000,Nashville,Tennessee,no,yes,no,no,https://fortune.com/company/hca-holdings/global500/
305,2021,221,Cisco Systems,Technology,Network and Other Communications Equipment,49301.0,-5.0,11214.0,-3.5,94853.0,77500,San Jose,California,no,yes,no,yes,https://fortune.com/company/cisco-systems/global500/
306,2021,230,Charter Communications,Telecommunications,Telecommunications,48097.0,5.1,3222.0,93.2,144206.0,96100,Stamford,Connecticut,no,yes,no,yes,https://fortune.com/company/charter-communications/global500/
307,2021,232,Merck,Health Care,Pharmaceuticals,47994.0,2.5,7067.0,-28.2,91588.0,73500,Kenilworth,New Jersey,no,yes,no,yes,https://fortune.com/company/merck/global500/
308,2021,238,Best Buy,Retailing,Specialty Retailers,47262.0,8.3,1798.0,16.7,19067.0,81600,Richfield,Minnesota,no,yes,yes,no,https://fortune.com/company/best-buy/global500/
309,2021,242,New York Life Insurance,Financials,"Insurance: Life, Health (Mutual)",46712.4,5.9,-822.3,-181.9,359312.5,11506,New York,New York City,no,no,no,no,https://fortune.com/company/new-york-life-insurance/global500/
310,2021,247,AbbVie,Health Care,Pharmaceuticals,45804.0,37.7,4616.0,-41.4,150565.0,47000,North Chicago,Illinois,no,yes,no,yes,https://fortune.com/company/abbvie/global500/
311,2021,253,Publix Super Markets,Food & Drug Stores,Food & Drug Stores,45204.0,17.5,3971.8,32.2,28094.1,227000,Lakeland,Florida,no,yes,no,yes,https://fortune.com/company/publix-super-markets/global500/
312,2021,254,Allstate,Financials,Insurance: Property and Casualty (Stock),44791.0,0.3,5576.0,15.0,125987.0,42010,Northbrook,Illinois,no,yes,no,no,https://fortune.com/company/allstate/global500/
313,2021,262,Liberty Mutual Insurance Group,Financials,Insurance: Property and Casualty (Stock),43796.0,1.3,758.0,-27.4,145377.0,45000,Boston,Massachusetts,no,yes,no,no,https://fortune.com/company/liberty-mutual-insurance-group/global500/
314,2021,263,American International Group,Financials,Insurance: Property and Casualty (Stock),43736.0,-12.1,-5944.0,-277.5,586481.0,45000,New York,New York City,no,no,no,no,https://fortune.com/company/aig/global500/
315,2021,270,Tyson Foods,"Food, Beverages & Tobacco",Food Production,43185.0,1.8,2061.0,4.1,34456.0,139000,Springdale,Arkansas,no,yes,no,no,https://fortune.com/company/tyson-foods/global500/
316,2021,275,Progressive,Financials,Insurance: Property and Casualty (Stock),42658.1,9.3,5704.6,43.7,64098.3,43326,Mayfield Village,Ohio,no,yes,yes,yes,https://fortune.com/company/progressive/global500/
317,2021,278,Bristol-Myers Squibb,Health Care,Pharmaceuticals,42518.0,62.6,-9015.0,-362.1,118481.0,30250,New York,New York City,no,no,no,yes,https://fortune.com/company/bristol-myers-squibb/global500/
318,2021,280,Nationwide,Financials,Insurance: Property and Casualty (Mutual),41929.8,-4.7,-138.4,-116.7,256589.3,25391,Columbus,Ohio,no,no,no,no,https://fortune.com/company/nationwide/global500/
319,2021,281,Pfizer,Health Care,Pharmaceuticals,41908.0,-19.0,9616.0,-40.9,154229.0,78500,New York,New York City,no,yes,no,no,https://fortune.com/company/pfizer/global500/
320,2021,283,Caterpillar,Industrials,Construction and Farm Machinery,41748.0,-22.4,2998.0,-50.8,78324.0,97300,Deerfield,Illinois,no,yes,no,no,https://fortune.com/company/caterpillar/global500/
321,2021,285,TIAA,Financials,"Insurance: Life, Health (Mutual)",41619.3,2.9,558.1,-77.3,654252.0,14953,New York,New York City,no,yes,yes,no,https://fortune.com/company/tiaa/global500/
322,2021,289,Bunge,"Food, Beverages & Tobacco",Food Production,41404.0,0.6,1145.0,0.0,23655.0,23000,St. Louis,Missouri,no,yes,no,no,https://fortune.com/company/bunge/global500/
323,2021,304,Oracle,Technology,Computer Software,39068.0,-1.1,10135.0,-8.6,115438.0,135000,Austin,Texas,no,yes,yes,no,https://fortune.com/company/oracle/global500/
324,2021,305,Energy Transfer,Energy,Pipelines,38954.0,-28.1,-648.0,-118.0,95144.0,11421,Dallas,Texas,no,no,no,no,https://fortune.com/company/energy-transfer-equity/global500/
325,2021,310,Dow,Chemicals,Chemicals,38542.0,-10.3,1225.0,0.0,61470.0,35700,Midland,Michigan,no,yes,no,no,https://fortune.com/company/dow/global500/
326,2021,312,American Express,Financials,Diversified Financials,38185.0,-18.8,3135.0,-53.6,191367.0,63700,New York,New York City,no,yes,no,no,https://fortune.com/company/american-express/global500/
327,2021,316,General Dynamics,Aerospace & Defense,Aerospace & Defense,37925.0,-3.6,3167.0,-9.1,51308.0,100700,Reston,Virginia,no,yes,yes,no,https://fortune.com/company/general-dynamics/global500/
328,2021,321,Nike,Apparel,Apparel,37403.0,-4.4,2539.0,-37.0,31342.0,75400,Beaverton,Oregon,no,yes,no,no,https://fortune.com/company/nike/global500/
329,2021,326,Northrop Grumman,Aerospace & Defense,Aerospace & Defense,36799.0,8.7,3189.0,41.9,44469.0,97000,Falls Church,Virginia,no,yes,yes,yes,https://fortune.com/company/northrop-grumman/global500/
330,2021,330,USAA,Financials,Insurance: Property and Casualty (Stock),36296.2,1.9,3906.9,-2.5,200348.4,35935,San Antonio,Texas,no,yes,no,yes,https://fortune.com/company/usaa/global500/
331,2021,340,Deere,Industrials,Construction and Farm Machinery,35540.0,-9.5,2751.0,-15.4,75091.0,69634,Moline,Illinois,no,yes,no,no,https://fortune.com/company/deere/global500/
332,2021,350,Abbott Laboratories,Health Care,Medical Products and Equipment,34608.0,8.5,4495.0,21.9,72548.0,109000,Abbott Park,Illinois,no,yes,no,yes,https://fortune.com/company/abbott-laboratories/global500/
333,2021,360,Northwestern Mutual,Financials,"Insurance: Life, Health (Mutual)",33782.1,4.6,425.0,-66.5,308767.0,6641,Milwaukee,Wisconsin,no,yes,no,yes,https://fortune.com/company/northwestern-mutual/global500/
334,2021,361,Dollar General,Retailing,Specialty Retailers,33746.8,21.6,2655.1,55.0,25862.6,158000,Goodlettsville,Tennessee,no,yes,no,yes,https://fortune.com/company/dollar-general/global500/
335,2021,369,Exelon,Energy,Utilities,33039.0,-4.1,1963.0,-33.1,129317.0,32340,Chicago,Illinois,no,yes,no,no,https://fortune.com/company/exelon/global500/
336,2021,370,Coca-Cola,"Food, Beverages & Tobacco",Beverages,33014.0,-11.4,7747.0,-13.2,87296.0,80300,Atlanta,Georgia,no,yes,no,no,https://fortune.com/company/coca-cola/global500/
337,2021,373,Honeywell International,Industrials,"Electronics, Electrical Equip.",32637.0,-11.1,4779.0,-22.2,64586.0,103000,Charlotte,North Carolina,no,yes,no,no,https://fortune.com/company/honeywell-international/global500/
338,2021,379,Thermo Fisher Scientific,Technology,"Scientific,Photographic and Control Equipment",32218.0,26.1,6375.0,72.5,69052.0,84362,Waltham,Massachusetts,no,yes,no,yes,https://fortune.com/company/thermo-fisher-scientific/global500/
339,2021,381,3M,Chemicals,Chemicals,32184.0,0.1,5384.0,17.8,47344.0,94987,St. Paul,Minnesota,no,yes,no,no,https://fortune.com/company/3m/global500/
340,2021,382,TJX,Retailing,Specialty Retailers,32137.0,-23.0,90.5,-97.2,30813.6,320000,Framingham,Massachusetts,no,yes,no,yes,https://fortune.com/company/tjx/global500/
341,2021,384,Travelers,Financials,Insurance: Property and Casualty (Stock),31981.0,1.3,2697.0,2.9,116764.0,30294,New York,New York City,no,yes,no,no,https://fortune.com/company/travelers-cos/global500/
342,2021,388,Capital One Financial,Financials,Banks: Commercial and Savings,31643.0,-6.3,2714.0,-51.1,421602.0,51985,McLean,Virginia,no,yes,no,yes,https://fortune.com/company/capital-one-financial/global500/
343,2021,391,Tesla,Motor Vehicles & Parts,Motor Vehicles & Parts,31536.0,28.3,721.0,0.0,52148.0,70757,Palo Alto,California,yes,yes,no,yes,https://fortune.com/company/tesla/global500/
344,2021,421,Philip Morris International,"Food, Beverages & Tobacco",Tobacco,28694.0,-3.7,8056.0,12.1,44815.0,71000,New York,New York City,no,yes,no,no,https://fortune.com/company/philip-morris-international/global500/
345,2021,422,Arrow Electronics,Wholesalers,Wholesalers: Electronics and Office Equipment,28673.4,-0.8,584.4,0.0,17053.9,19600,Centennial,Colorado,no,yes,no,yes,https://fortune.com/company/arrow-electronics/global500/
346,2021,428,CHS,"Food, Beverages & Tobacco",Food Production,28406.4,-11.0,422.4,-49.1,15993.9,10493,Inver Grove Heights,Minnesota,no,yes,no,no,https://fortune.com/company/chs/global500/
347,2021,445,Jabil,Technology,Semiconductors and Other Electronic Components,27266.4,7.8,53.9,-81.2,14397.4,240000,St. Petersburg,Florida,yes,yes,no,yes,https://fortune.com/company/jabil-circuit/global500/
348,2021,447,Enterprise Products Partners,Energy,Pipelines,27199.7,-17.0,3775.6,-17.8,64106.7,7130,Houston,Texas,no,yes,no,no,https://fortune.com/company/enterprise-products-partners/global500/
349,2021,452,Hewlett Packard Enterprise,Technology,"Computers, Office Equipment",26982.0,-7.4,-322.0,-130.7,54015.0,59400,Houston,Texas,no,no,no,no,https://fortune.com/company/hewlett-packard-enterprise/global500/
350,2021,456,United Natural Foods,Wholesalers,Wholesalers: Food and Grocery,26742.8,13.9,-274.1,0.0,7587.0,28300,Providence,Rhode Island,yes,no,no,yes,https://fortune.com/company/united-natural-foods/global500/
351,2021,462,Mondelez International,"Food, Beverages & Tobacco",Food Consumer Products,26581.0,2.8,3555.0,-8.1,67810.0,79000,Chicago,Illinois,no,yes,no,no,https://fortune.com/company/mondelez-international/global500/
352,2021,464,ViacomCBS,Media,Entertainment,26186.0,-5.8,2422.0,-26.8,52663.0,24225,New York,New York City,no,yes,no,no,https://fortune.com/company/cbs/global500/
353,2021,465,Kraft Heinz,"Food, Beverages & Tobacco",Food Consumer Products,26185.0,4.8,356.0,-81.6,99830.0,38000,Chicago,Illinois,yes,yes,no,yes,https://fortune.com/company/kraft-heinz/global500/
354,2021,474,Dollar Tree,Retailing,Specialty Retailers,25509.3,8.0,1341.9,62.3,20696.0,129772,Chesapeake,Virginia,yes,yes,no,yes,https://fortune.com/company/dollar-tree/global500/
355,2021,475,Amgen,Health Care,Pharmaceuticals,25424.0,8.8,7264.0,-7.4,62948.0,24300,Thousand Oaks,California,yes,yes,no,yes,https://fortune.com/company/amgen/global500/
356,2021,478,U.S. Bancorp,Financials,Banks: Commercial and Savings,25241.0,-7.6,4959.0,-28.3,553905.0,68108,Minneapolis,Minnesota,no,yes,no,no,https://fortune.com/company/u-s-bancorp/global500/
357,2021,482,Performance Food Group,Wholesalers,Wholesalers: Food and Grocery,25086.3,27.1,-114.1,-168.4,7719.7,20000,Richmond,Virginia,yes,no,no,yes,https://fortune.com/company/performance-food-group/global500/
358,2021,483,Netflix,Media,Entertainment,24996.1,24.0,2761.4,47.9,39280.4,9400,Los Gatos,California,yes,yes,no,yes,https://fortune.com/company/netflix/global500/
359,2021,488,Gilead Sciences,Health Care,Pharmaceuticals,24689.0,10.0,123.0,-97.7,68407.0,13600,Foster City,California,yes,yes,no,yes,https://fortune.com/company/gilead-sciences/global500/
360,2021,489,TD Synnex,Wholesalers,Wholesalers: Electronics and Office Equipment,24675.6,3.9,529.2,5.7,13468.6,277900,Fremont,California,yes,yes,no,yes,https://fortune.com/company/synnex/global500/
361,2021,494,Eli Lilly,Health Care,Pharmaceuticals,24539.8,9.9,6193.7,-25.5,46633.1,35000,Indianapolis,Indiana,yes,yes,no,yes,https://fortune.com/company/eli-lilly/global500/
362,2021,495,Truist Financial,Financials,Banks: Commercial and Savings,24427.0,66.6,4482.0,39.0,509228.0,53638,Charlotte,North Carolina,yes,yes,no,no,https://fortune.com/company/bbt-corp/global500/
363,2021,499,Rite Aid,Food & Drug Stores,Food & Drug Stores,24043.4,9.6,-90.9,0.0,9335.4,50000,Camp Hill,Pennsylvania,yes,no,no,yes,https://fortune.com/company/rite-aid/global500/
